{
    "metrics": {
        "vus_max": {
            "min": 20,
            "max": 20,
            "value": 20
        },
        "iteration_duration": {
            "avg": 9.763526840111082,
            "min": 2.140334,
            "med": 6.3369165,
            "max": 3566.105083,
            "p(90)": 9.2807881,
            "p(95)": 10.695796149999998
        },
        "vus": {
            "value": 2,
            "min": 0,
            "max": 3
        },
        "data_sent": {
            "count": 3039771,
            "rate": 16885.344555941723
        },
        "http_req_waiting": {
            "med": 5.887,
            "max": 3565.759,
            "p(90)": 8.684,
            "p(95)": 10.072149999999997,
            "avg": 9.29952988888885,
            "min": 1.938
        },
        "iterations": {
            "rate": 99.98654569931453,
            "count": 18000
        },
        "http_req_tls_handshaking": {
            "p(95)": 0,
            "avg": 0,
            "min": 0,
            "med": 0,
            "max": 0,
            "p(90)": 0
        },
        "checks": {
            "passes": 71969,
            "fails": 31,
            "value": 0.9995694444444444
        },
        "http_req_failed": {
            "fails": 18000,
            "passes": 0,
            "thresholds": {
                "rate<0.01": false
            },
            "value": 0
        },
        "http_reqs": {
            "count": 18000,
            "rate": 99.98654569931453
        },
        "errors": {
            "passes": 23,
            "fails": 17977,
            "thresholds": {
                "rate<0.01": false
            },
            "value": 0.0012777777777777779
        },
        "http_req_sending": {
            "p(95)": 0.048,
            "avg": 0.0331567777777771,
            "min": 0.007,
            "med": 0.028,
            "max": 6.912,
            "p(90)": 0.042
        },
        "http_req_receiving": {
            "p(90)": 0.164,
            "p(95)": 0.21,
            "avg": 0.1010191111111117,
            "min": 0.016,
            "med": 0.081,
            "max": 6.386
        },
        "http_req_connecting": {
            "p(95)": 0,
            "avg": 0.003617055555555557,
            "min": 0,
            "med": 0,
            "max": 0.799,
            "p(90)": 0
        },
        "http_req_duration{expected_response:true}": {
            "avg": 9.433705777777792,
            "min": 1.983,
            "med": 6.018,
            "max": 3565.85,
            "p(90)": 8.8631,
            "p(95)": 10.28405
        },
        "http_req_duration": {
            "min": 1.983,
            "med": 6.018,
            "max": 3565.85,
            "p(90)": 8.8631,
            "p(95)": 10.28405,
            "avg": 9.433705777777792,
            "thresholds": {
                "p(95)<500": false,
                "p(99)<1000": false
            }
        },
        "http_req_blocked": {
            "avg": 0.012556944444443998,
            "min": 0.002,
            "med": 0.007,
            "max": 2.855,
            "p(90)": 0.01,
            "p(95)": 0.012
        },
        "data_received": {
            "count": 3261077,
            "rate": 18114.65691608242
        }
    },
    "root_group": {
        "groups": {},
        "checks": {
                "status is 200": {
                    "name": "status is 200",
                    "path": "::status is 200",
                    "id": "6210a8cd14cd70477eba5c5e4cb3fb5f",
                    "passes": 18000,
                    "fails": 0
                },
                "response has userCouponId": {
                    "name": "response has userCouponId",
                    "path": "::response has userCouponId",
                    "id": "7f515825d14df4a4b20c32aa50002e74",
                    "passes": 18000,
                    "fails": 0
                },
                "p95 < 500ms": {
                    "name": "p95 < 500ms",
                    "path": "::p95 < 500ms",
                    "id": "4b0b66eb8de0b399877d577e35323174",
                    "passes": 17977,
                    "fails": 23
                },
                "p99 < 1000ms": {
                    "name": "p99 < 1000ms",
                    "path": "::p99 < 1000ms",
                    "id": "b374999790edd80341894afa053cfa18",
                    "passes": 17992,
                    "fails": 8
                }
            },
        "name": "",
        "path": "",
        "id": "d41d8cd98f00b204e9800998ecf8427e"
    }
}