{
    "root_group": {
        "path": "",
        "id": "d41d8cd98f00b204e9800998ecf8427e",
        "groups": {},
        "checks": {
                "status is 200": {
                    "id": "6210a8cd14cd70477eba5c5e4cb3fb5f",
                    "passes": 9001,
                    "fails": 0,
                    "name": "status is 200",
                    "path": "::status is 200"
                },
                "response has userCouponId": {
                    "id": "7f515825d14df4a4b20c32aa50002e74",
                    "passes": 9001,
                    "fails": 0,
                    "name": "response has userCouponId",
                    "path": "::response has userCouponId"
                },
                "p95 < 500ms": {
                    "name": "p95 < 500ms",
                    "path": "::p95 < 500ms",
                    "id": "4b0b66eb8de0b399877d577e35323174",
                    "passes": 9000,
                    "fails": 1
                },
                "p99 < 1000ms": {
                    "name": "p99 < 1000ms",
                    "path": "::p99 < 1000ms",
                    "id": "b374999790edd80341894afa053cfa18",
                    "passes": 9001,
                    "fails": 0
                }
            },
        "name": ""
    },
    "metrics": {
        "vus_max": {
            "min": 10,
            "max": 10,
            "value": 10
        },
        "iteration_duration": {
            "avg": 10.53998390967672,
            "min": 2.740167,
            "med": 10.234875,
            "max": 739.640917,
            "p(90)": 13.848,
            "p(95)": 14.951708
        },
        "data_sent": {
            "count": 1520050,
            "rate": 8444.394438978083
        },
        "http_req_duration": {
            "min": 2.544,
            "med": 9.872,
            "max": 738.809,
            "p(90)": 13.385,
            "p(95)": 14.479,
            "avg": 10.16273847350294,
            "thresholds": {
                "p(95)<500": false,
                "p(99)<1000": false
            }
        },
        "http_req_sending": {
            "avg": 0.036928452394178,
            "min": 0.008,
            "med": 0.034,
            "max": 3.071,
            "p(90)": 0.048,
            "p(95)": 0.054
        },
        "errors": {
            "fails": 9000,
            "passes": 1,
            "thresholds": {
                "rate<0.01": false
            },
            "value": 0.00011109876680368848
        },
        "iterations": {
            "count": 9001,
            "rate": 50.003614581916196
        },
        "http_req_blocked": {
            "med": 0.008,
            "max": 1.164,
            "p(90)": 0.013,
            "p(95)": 0.014,
            "avg": 0.01321608710143342,
            "min": 0.001
        },
        "checks": {
            "passes": 36003,
            "fails": 1,
            "value": 0.9999722253082991
        },
        "http_reqs": {
            "count": 9001,
            "rate": 50.003614581916196
        },
        "http_req_tls_handshaking": {
            "avg": 0,
            "min": 0,
            "med": 0,
            "max": 0,
            "p(90)": 0,
            "p(95)": 0
        },
        "http_req_failed": {
            "passes": 0,
            "fails": 9001,
            "thresholds": {
                "rate<0.01": false
            },
            "value": 0
        },
        "vus": {
            "value": 0,
            "min": 0,
            "max": 2
        },
        "http_req_connecting": {
            "avg": 0.0035120542161982005,
            "min": 0,
            "med": 0,
            "max": 0.864,
            "p(90)": 0,
            "p(95)": 0
        },
        "http_req_duration{expected_response:true}": {
            "p(90)": 13.385,
            "p(95)": 14.479,
            "avg": 10.16273847350294,
            "min": 2.544,
            "med": 9.872,
            "max": 738.809
        },
        "data_received": {
            "rate": 9008.533652085405,
            "count": 1621599
        },
        "http_req_receiving": {
            "p(95)": 0.262,
            "avg": 0.13590712143095196,
            "min": 0.02,
            "med": 0.122,
            "max": 5.375,
            "p(90)": 0.209
        },
        "http_req_waiting": {
            "med": 9.695,
            "max": 738.666,
            "p(90)": 13.175,
            "p(95)": 14.27,
            "avg": 9.989902899677812,
            "min": 2.485
        }
    }
}